epoch,time,train/box_loss,train/pose_loss,train/kobj_loss,train/cls_loss,train/l1_loss,train/rle_loss,metrics/precision(B),metrics/recall(B),metrics/mAP50(B),metrics/mAP50-95(B),metrics/precision(P),metrics/recall(P),metrics/mAP50(P),metrics/mAP50-95(P),val/box_loss,val/pose_loss,val/kobj_loss,val/cls_loss,val/l1_loss,val/rle_loss,lr/pg0,lr/pg1,lr/pg2
1,43.6834,3.58942,6.02185,0,11.1748,0.01739,59.3793,0.00084,0.11262,0.00078,0.00018,0.0013,0.15866,0.00089,0.00024,3.10843,4.50628,0,10.0141,0.01678,0,0.000184851,0.000184851,0.000184851
2,85.2291,2.88042,3.47022,0,6.12714,0.01056,8.1532,0.07695,0.14995,0.03615,0.01351,0.0704,0.13689,0.0332,0.02123,2.35296,2.77693,0,5.60323,0.01079,0,0.000366519,0.000366519,0.000366519
3,126.618,2.43661,2.60875,0,4.10167,0.00823,6.83498,0.09155,0.22815,0.06171,0.02405,0.08206,0.21361,0.05378,0.04134,2.01213,2.09842,0,4.04392,0.00891,0,0.000544518,0.000544518,0.000544518
4,167.8,2.22822,2.22795,0,3.36061,0.00711,6.23968,0.20444,0.23049,0.11149,0.05685,0.09808,0.22061,0.09749,0.0807,1.78997,1.79423,0,3.37584,0.00775,0,0.000539487,0.000539487,0.000539487
5,209.151,2.1261,2.07233,0,3.0258,0.0067,5.84966,0.14746,0.24665,0.1308,0.07044,0.12935,0.22637,0.11566,0.09553,1.78503,1.69579,0,3.07382,0.00759,0,0.000533982,0.000533982,0.000533982
6,249.908,2.03339,2.00516,0,2.76637,0.00637,5.63656,0.26258,0.29072,0.15194,0.07902,0.23739,0.25915,0.12975,0.10933,1.73436,1.73756,0,2.90704,0.00768,0,0.000528478,0.000528478,0.000528478
7,290.779,2.01173,1.84267,0,2.58517,0.0062,5.18003,0.31184,0.33093,0.23393,0.12309,0.28523,0.30028,0.18801,0.16239,1.74738,1.76187,0,2.60877,0.00807,0,0.000522974,0.000522974,0.000522974
8,331.829,1.93051,1.65634,0,2.42275,0.00605,4.44207,0.3005,0.3805,0.2775,0.14982,0.2459,0.33462,0.20856,0.17692,1.61899,1.66169,0,2.44478,0.00719,0,0.000517469,0.000517469,0.000517469
9,372.538,1.92281,1.61731,0,2.29765,0.00586,3.95502,0.34659,0.44506,0.3284,0.17732,0.28578,0.38532,0.25104,0.22344,1.57457,1.5526,0,2.35459,0.00699,0,0.000511965,0.000511965,0.000511965
10,413.203,1.85303,1.51613,0,2.17668,0.00565,3.61727,0.4186,0.45959,0.40149,0.21789,0.3362,0.40382,0.30077,0.27157,1.57412,1.4826,0,2.1701,0.00701,0,0.00050646,0.00050646,0.00050646
11,453.856,1.83199,1.50117,0,2.10048,0.00556,3.54572,0.38062,0.47315,0.39584,0.20772,0.3184,0.35107,0.2785,0.24808,1.59816,1.66952,0,2.22964,0.00703,0,0.000500956,0.000500956,0.000500956
12,494.275,1.81953,1.48773,0,2.04158,0.00549,3.35454,0.45513,0.46269,0.44422,0.24645,0.39353,0.41123,0.34564,0.30748,1.55433,1.4964,0,2.08204,0.00706,0,0.000495452,0.000495452,0.000495452
13,535.021,1.80268,1.44203,0,1.96603,0.00554,3.24965,0.51811,0.48403,0.49474,0.28245,0.42897,0.41316,0.36681,0.32973,1.54926,1.4875,0,1.97061,0.00697,0,0.000489947,0.000489947,0.000489947
14,575.624,1.77211,1.41722,0,1.91416,0.00536,3.06896,0.53673,0.49197,0.51023,0.30222,0.46057,0.42203,0.38882,0.35232,1.4827,1.41143,0,1.9692,0.00661,0,0.000484443,0.000484443,0.000484443
15,616.229,1.74818,1.42739,0,1.86104,0.00514,2.94366,0.53442,0.5003,0.51635,0.30918,0.485,0.42341,0.41842,0.38008,1.47207,1.57669,0,1.93152,0.00672,0,0.000478938,0.000478938,0.000478938
16,656.773,1.72593,1.35677,0,1.79803,0.00501,2.73673,0.55195,0.50484,0.54003,0.31298,0.46138,0.43939,0.41057,0.36705,1.51743,1.54772,0,1.90373,0.00699,0,0.000473434,0.000473434,0.000473434
17,697.269,1.72402,1.36813,0,1.77724,0.00502,2.80671,0.61179,0.49049,0.56872,0.33866,0.52108,0.40536,0.43211,0.38918,1.49871,1.49021,0,1.79006,0.00683,0,0.00046793,0.00046793,0.00046793
18,737.898,1.7118,1.29066,0,1.75457,0.00502,2.57229,0.58548,0.54309,0.57558,0.34677,0.52509,0.48215,0.47631,0.43319,1.48033,1.35358,0,1.78014,0.0066,0,0.000462425,0.000462425,0.000462425
19,778.448,1.70728,1.26472,0,1.70856,0.00492,2.48891,0.62544,0.53219,0.60038,0.36487,0.52045,0.44757,0.45306,0.40394,1.44626,1.50392,0,1.72049,0.00661,0,0.000456921,0.000456921,0.000456921
20,819.29,1.69565,1.2991,0,1.67992,0.00489,2.45225,0.6264,0.57482,0.62494,0.37887,0.51473,0.4754,0.46486,0.41474,1.46616,1.48014,0,1.71318,0.00657,0,0.000451416,0.000451416,0.000451416
21,859.986,1.68447,1.27113,0,1.66049,0.00492,2.43314,0.61493,0.5736,0.62274,0.38052,0.53267,0.46836,0.47045,0.42652,1.45025,1.43757,0,1.64525,0.00656,0,0.000445912,0.000445912,0.000445912
22,900.658,1.65767,1.25705,0,1.61296,0.00483,2.29325,0.66498,0.59273,0.65234,0.39706,0.57819,0.51062,0.50881,0.46171,1.43432,1.40578,0,1.60351,0.00654,0,0.000440408,0.000440408,0.000440408
23,941.41,1.65911,1.29043,0,1.56042,0.00479,2.40796,0.6384,0.59095,0.64163,0.38406,0.56436,0.50637,0.50769,0.44937,1.45747,1.40711,0,1.60519,0.00654,0,0.000434903,0.000434903,0.000434903
24,983.616,1.64373,1.26277,0,1.58334,0.00477,2.36547,0.7151,0.60736,0.68662,0.41072,0.60383,0.52763,0.5277,0.47984,1.43806,1.34841,0,1.51895,0.00661,0,0.000429399,0.000429399,0.000429399
25,1025.27,1.63634,1.30095,0,1.5676,0.00476,2.34772,0.67014,0.62331,0.68535,0.41846,0.57794,0.52473,0.52902,0.48144,1.42598,1.40765,0,1.50699,0.00655,0,0.000423894,0.000423894,0.000423894
26,1066.19,1.6287,1.21407,0,1.50182,0.00473,2.19613,0.71208,0.63183,0.7062,0.43593,0.61941,0.53147,0.54693,0.49566,1.42697,1.40588,0,1.4241,0.00644,0,0.00041839,0.00041839,0.00041839
27,1106.88,1.63472,1.23616,0,1.51246,0.00481,2.16564,0.68364,0.62381,0.66759,0.40181,0.57837,0.52162,0.51036,0.45933,1.44842,1.59449,0,1.55243,0.00661,0,0.000412886,0.000412886,0.000412886
28,1147.56,1.609,1.19273,0,1.46756,0.00459,2.0159,0.71414,0.6388,0.71239,0.44123,0.62235,0.55491,0.57186,0.51985,1.40172,1.35371,0,1.44799,0.00631,0,0.000407381,0.000407381,0.000407381
29,1188.22,1.5916,1.1605,0,1.40501,0.00465,1.97025,0.70574,0.63444,0.70492,0.43631,0.59571,0.54621,0.55558,0.5066,1.45314,1.38339,0,1.44411,0.00653,0,0.000401877,0.000401877,0.000401877
30,1228.91,1.61477,1.19638,0,1.44816,0.00461,2.02252,0.71846,0.65666,0.72541,0.4495,0.62985,0.56139,0.57703,0.52849,1.41303,1.34961,0,1.42463,0.00643,0,0.000396372,0.000396372,0.000396372
31,1269.49,1.58525,1.17611,0,1.39768,0.00449,1.93281,0.68483,0.61354,0.67903,0.41679,0.56642,0.50073,0.50907,0.45912,1.43617,1.51129,0,1.49761,0.00666,0,0.000390868,0.000390868,0.000390868
32,1310.21,1.58592,1.21195,0,1.38135,0.00469,1.99484,0.73266,0.64576,0.72772,0.45865,0.62317,0.55001,0.56606,0.51403,1.37932,1.38449,0,1.37754,0.00622,0,0.000385364,0.000385364,0.000385364
33,1350.81,1.5888,1.16396,0,1.37163,0.00457,1.86286,0.72687,0.66957,0.7328,0.45795,0.61627,0.55978,0.55415,0.50661,1.38732,1.38189,0,1.3451,0.00636,0,0.000379859,0.000379859,0.000379859
34,1391.3,1.5705,1.15303,0,1.34777,0.00453,1.80254,0.76695,0.64534,0.73317,0.45649,0.66517,0.56284,0.57951,0.52538,1.38758,1.40432,0,1.37227,0.00634,0,0.000374355,0.000374355,0.000374355
35,1431.63,1.54419,1.13717,0,1.31549,0.0046,1.78502,0.78204,0.67302,0.76426,0.47458,0.71407,0.58492,0.62389,0.56905,1.42778,1.31725,0,1.27214,0.0064,0,0.00036885,0.00036885,0.00036885
36,1472.21,1.57083,1.17974,0,1.33453,0.00451,1.81695,0.79413,0.66853,0.76085,0.47735,0.70156,0.5742,0.60165,0.54696,1.39312,1.38085,0,1.2672,0.0065,0,0.000363346,0.000363346,0.000363346
37,1512.94,1.54375,1.12208,0,1.2633,0.00443,1.72506,0.79138,0.66272,0.76417,0.48096,0.68464,0.56969,0.59541,0.53997,1.39399,1.37707,0,1.25204,0.00626,0,0.000357842,0.000357842,0.000357842
38,1553.53,1.55331,1.15162,0,1.27965,0.00445,1.73152,0.76728,0.65786,0.74899,0.46625,0.62741,0.5336,0.5471,0.50257,1.38934,1.52751,0,1.26667,0.00642,0,0.000352337,0.000352337,0.000352337
39,1594.2,1.5478,1.13319,0,1.24989,0.00454,1.66786,0.76784,0.66183,0.75373,0.47842,0.68558,0.55448,0.58809,0.53151,1.38284,1.4563,0,1.27075,0.0063,0,0.000346833,0.000346833,0.000346833
40,1634.8,1.5343,1.13799,0,1.23132,0.00451,1.65936,0.81901,0.69649,0.78824,0.4968,0.72558,0.60433,0.63916,0.58521,1.4033,1.31054,0,1.21949,0.00626,0,0.000341328,0.000341328,0.000341328
41,1675.36,1.53035,1.08525,0,1.22284,0.00443,1.52903,0.80656,0.67705,0.77784,0.49001,0.67659,0.56359,0.5878,0.53487,1.37765,1.48143,0,1.23934,0.00628,0,0.000335824,0.000335824,0.000335824
42,1716.02,1.52571,1.15369,0,1.20479,0.0044,1.63902,0.77339,0.68619,0.76453,0.48081,0.69415,0.61027,0.63597,0.58158,1.36846,1.30626,0,1.26662,0.00627,0,0.00033032,0.00033032,0.00033032
43,1756.52,1.50716,1.09364,0,1.21708,0.00434,1.49324,0.80014,0.69228,0.78344,0.50835,0.70814,0.60811,0.63847,0.58129,1.35198,1.3339,0,1.20798,0.00615,0,0.000324815,0.000324815,0.000324815
44,1796.98,1.52344,1.14935,0,1.19545,0.00441,1.63045,0.80845,0.67418,0.77096,0.47897,0.70315,0.57614,0.6029,0.54554,1.39267,1.44943,0,1.255,0.00631,0,0.000319311,0.000319311,0.000319311
45,1837.46,1.51662,1.08411,0,1.19693,0.0044,1.43412,0.77323,0.70201,0.7757,0.49739,0.70662,0.57567,0.62035,0.56071,1.34538,1.39666,0,1.19133,0.00619,0,0.000313806,0.000313806,0.000313806
46,1877.77,1.50302,1.09281,0,1.18189,0.00419,1.39328,0.81194,0.70739,0.79229,0.50503,0.71031,0.58834,0.62063,0.56502,1.35696,1.37273,0,1.15539,0.00621,0,0.000308302,0.000308302,0.000308302
47,1918.24,1.51203,1.10821,0,1.16322,0.0043,1.49661,0.81176,0.68947,0.78738,0.50373,0.69388,0.58141,0.61446,0.5595,1.35042,1.33753,0,1.18412,0.0062,0,0.000302798,0.000302798,0.000302798
48,1958.7,1.50231,1.08723,0,1.15224,0.00431,1.39316,0.82966,0.68593,0.79153,0.50705,0.73727,0.59431,0.64318,0.58659,1.36746,1.31277,0,1.17289,0.00617,0,0.000297293,0.000297293,0.000297293
49,1999.16,1.49481,1.07657,0,1.14378,0.00434,1.40219,0.81763,0.69326,0.79253,0.50794,0.73856,0.61321,0.66152,0.60371,1.35012,1.24462,0,1.14536,0.00616,0,0.000291789,0.000291789,0.000291789
50,2039.83,1.49398,1.07629,0,1.12111,0.00419,1.38961,0.832,0.71176,0.80213,0.51534,0.7274,0.61151,0.64254,0.58755,1.35184,1.31381,0,1.10333,0.00617,0,0.000286284,0.000286284,0.000286284
51,2080.54,1.50025,1.09989,0,1.14556,0.00418,1.40811,0.82023,0.70254,0.78922,0.50403,0.69564,0.59333,0.61116,0.55183,1.34109,1.43352,0,1.14194,0.00606,0,0.00028078,0.00028078,0.00028078
52,2121.12,1.49664,1.10488,0,1.14497,0.00421,1.39979,0.80576,0.7084,0.79925,0.51305,0.71192,0.6265,0.64614,0.5891,1.34234,1.30055,0,1.11104,0.00611,0,0.000275276,0.000275276,0.000275276
53,2161.62,1.48346,1.07989,0,1.11515,0.00428,1.40327,0.83277,0.66179,0.77486,0.49559,0.71184,0.57726,0.6108,0.55454,1.35001,1.49491,0,1.16935,0.00623,0,0.000269771,0.000269771,0.000269771
54,2202.12,1.48875,1.06331,0,1.10895,0.00414,1.31868,0.84317,0.7126,0.80823,0.52176,0.71863,0.59475,0.61773,0.56441,1.3417,1.35185,0,1.08188,0.00604,0,0.000264267,0.000264267,0.000264267
55,2242.78,1.47312,1.03774,0,1.09528,0.00422,1.2541,0.82429,0.69839,0.79538,0.50808,0.69172,0.57962,0.60141,0.54318,1.33809,1.44481,0,1.12667,0.00614,0,0.000258762,0.000258762,0.000258762
56,2283.33,1.46183,1.06605,0,1.06269,0.00423,1.27106,0.81307,0.71312,0.80066,0.51508,0.69248,0.59695,0.61369,0.55821,1.33712,1.39249,0,1.09191,0.00602,0,0.000253258,0.000253258,0.000253258
57,2323.97,1.46085,1.03054,0,1.07329,0.00409,1.23431,0.81566,0.71232,0.7966,0.51516,0.70947,0.61374,0.63547,0.57619,1.3251,1.37883,0,1.09616,0.00599,0,0.000247754,0.000247754,0.000247754
58,2364.52,1.47091,1.07079,0,1.06269,0.00418,1.281,0.81961,0.70786,0.79848,0.51694,0.71509,0.61327,0.6419,0.58572,1.33056,1.33063,0,1.10822,0.00606,0,0.000242249,0.000242249,0.000242249
59,2405.15,1.46357,1.05384,0,1.06997,0.00416,1.18898,0.80397,0.71954,0.8002,0.51659,0.69846,0.61759,0.63582,0.57793,1.33026,1.33,0,1.09409,0.00602,0,0.000236745,0.000236745,0.000236745
60,2445.66,1.46053,1.03254,0,1.05757,0.00413,1.20477,0.81116,0.71498,0.80287,0.5168,0.7203,0.61994,0.64872,0.59118,1.32622,1.26491,0,1.06629,0.00603,0,0.00023124,0.00023124,0.00023124
61,2486.13,1.46316,1.02564,0,1.04916,0.00414,1.19671,0.85567,0.71126,0.81669,0.52978,0.75203,0.60991,0.65692,0.59641,1.32052,1.32669,0,1.0536,0.00598,0,0.000225736,0.000225736,0.000225736
62,2526.84,1.45398,1.02936,0,1.0543,0.00409,1.17577,0.8274,0.72111,0.8002,0.52024,0.72242,0.62193,0.63712,0.57866,1.31584,1.3942,0,1.08346,0.00596,0,0.000220232,0.000220232,0.000220232
63,2567.61,1.44723,1.01757,0,1.01989,0.00417,1.13438,0.8564,0.72163,0.82189,0.53155,0.76903,0.63217,0.67691,0.61116,1.31639,1.26143,0,1.04437,0.00607,0,0.000214727,0.000214727,0.000214727
64,2608.62,1.43488,1.00535,0,1.01447,0.00408,1.12003,0.83234,0.71215,0.81086,0.52798,0.73457,0.62521,0.66641,0.60667,1.30517,1.30723,0,1.06912,0.00601,0,0.000209223,0.000209223,0.000209223
65,2649.46,1.43989,1.03545,0,1.02338,0.00414,1.11635,0.82749,0.72326,0.80991,0.52583,0.70197,0.6281,0.63195,0.57554,1.31118,1.3979,0,1.04689,0.00597,0,0.000203718,0.000203718,0.000203718
66,2690.1,1.4413,1.0459,0,1.01638,0.00409,1.10902,0.84647,0.71623,0.81425,0.5269,0.74075,0.60644,0.64406,0.58462,1.30463,1.35671,0,1.05033,0.00601,0,0.000198214,0.000198214,0.000198214
67,2730.97,1.4283,1.01057,0,1.01545,0.00396,1.0783,0.82926,0.72676,0.82142,0.53882,0.74518,0.64403,0.68694,0.62455,1.30428,1.24476,0,1.02447,0.00596,0,0.00019271,0.00019271,0.00019271
68,2771.96,1.42916,1.03321,0,1.00174,0.00402,1.14076,0.8122,0.70125,0.79445,0.51713,0.69818,0.6001,0.6233,0.56262,1.31175,1.43156,0,1.08587,0.00599,0,0.000187205,0.000187205,0.000187205
69,2812.57,1.44095,1.04978,0,1.01531,0.00406,1.13933,0.82196,0.72183,0.80726,0.52473,0.71564,0.63236,0.65031,0.5917,1.31015,1.35769,0,1.05573,0.00595,0,0.000181701,0.000181701,0.000181701
70,2853.22,1.42687,1.00703,0,0.98599,0.00404,1.05954,0.82318,0.72115,0.81569,0.53664,0.71862,0.64139,0.66791,0.60597,1.28953,1.29852,0,1.04588,0.00593,0,0.000176196,0.000176196,0.000176196
71,2893.97,1.42712,0.96445,0,0.98951,0.004,0.92003,0.8476,0.73546,0.82603,0.53976,0.72143,0.61963,0.64195,0.58408,1.28887,1.36647,0,1.00758,0.00587,0,0.000170692,0.000170692,0.000170692
72,2934.63,1.41961,0.9741,0,0.97105,0.004,0.94001,0.81777,0.73621,0.82364,0.54365,0.71134,0.63935,0.65718,0.5958,1.29023,1.31513,0,1.02014,0.006,0,0.000165188,0.000165188,0.000165188
73,2975.06,1.41528,0.96016,0,0.98733,0.00405,0.9197,0.84387,0.73321,0.8297,0.53919,0.73675,0.62561,0.6556,0.59058,1.29798,1.3259,0,0.98832,0.00596,0,0.000159683,0.000159683,0.000159683
74,3015.61,1.41616,1.02373,0,0.96216,0.0039,1.01767,0.85899,0.71338,0.82105,0.53473,0.76753,0.62677,0.67199,0.60781,1.29823,1.23525,0,1.0027,0.00593,0,0.000154179,0.000154179,0.000154179
75,3056.07,1.43269,0.99368,0,0.98436,0.00404,0.92642,0.84722,0.74286,0.82816,0.54431,0.75032,0.64694,0.67325,0.60976,1.28293,1.27425,0,0.98827,0.00587,0,0.000148674,0.000148674,0.000148674
76,3096.54,1.40581,0.95753,0,0.96003,0.00405,0.90969,0.85005,0.72961,0.82234,0.54366,0.7365,0.64612,0.66291,0.60238,1.27963,1.29924,0,1.00553,0.00584,0,0.00014317,0.00014317,0.00014317
77,3137.06,1.42606,1.01659,0,0.97553,0.004,1.02232,0.83107,0.75168,0.82906,0.54619,0.73758,0.66159,0.67804,0.61676,1.29433,1.27494,0,0.98521,0.00598,0,0.000137666,0.000137666,0.000137666
78,3177.47,1.4081,0.96391,0,0.95494,0.00394,0.92867,0.8607,0.72331,0.8281,0.54397,0.76352,0.63756,0.67784,0.61429,1.29502,1.28135,0,0.98992,0.00594,0,0.000132161,0.000132161,0.000132161
79,3218.15,1.4134,1.0241,0,0.95983,0.00397,1.05774,0.8688,0.72831,0.8261,0.53798,0.73265,0.61014,0.63024,0.56808,1.31254,1.38486,0,0.99587,0.00606,0,0.000126657,0.000126657,0.000126657
80,3259.13,1.40357,0.99556,0,0.95134,0.00389,0.97798,0.84915,0.73385,0.82577,0.54293,0.75423,0.64869,0.67916,0.61509,1.29454,1.28863,0,0.99483,0.00591,0,0.000121152,0.000121152,0.000121152
81,3299.74,1.40858,0.98546,0,0.95004,0.00391,0.92605,0.83876,0.73676,0.82367,0.54276,0.74808,0.65461,0.68499,0.61841,1.29947,1.26939,0,0.99889,0.00595,0,0.000115648,0.000115648,0.000115648
82,3340.73,1.40633,0.96231,0,0.94072,0.00393,0.91212,0.85479,0.73304,0.82857,0.54324,0.74874,0.63943,0.67113,0.60717,1.29807,1.29092,0,0.99218,0.00592,0,0.000110144,0.000110144,0.000110144
83,3381.31,1.39612,0.98094,0,0.9438,0.00381,0.88478,0.85465,0.72728,0.82271,0.53615,0.72672,0.61315,0.63609,0.57169,1.3026,1.42942,0,1.01107,0.00598,0,0.000104639,0.000104639,0.000104639
84,3422.33,1.38852,0.97492,0,0.91928,0.0039,0.93491,0.84051,0.75973,0.83399,0.54798,0.74285,0.66965,0.68651,0.61954,1.28228,1.26857,0,0.978,0.00584,0,9.91348e-05,9.91348e-05,9.91348e-05
85,3462.95,1.4013,0.95639,0,0.9144,0.00394,0.8664,0.85125,0.73258,0.83108,0.54986,0.75113,0.64306,0.67717,0.61095,1.28586,1.28369,0,0.98378,0.00584,0,9.36304e-05,9.36304e-05,9.36304e-05
86,3503.45,1.38392,0.97357,0,0.91446,0.00382,0.84519,0.84597,0.74191,0.83076,0.54687,0.73282,0.64514,0.66229,0.59859,1.28809,1.31035,0,0.97071,0.00585,0,8.8126e-05,8.8126e-05,8.8126e-05
87,3543.92,1.39549,0.96327,0,0.92581,0.00397,0.84801,0.84884,0.74,0.82756,0.54567,0.72936,0.63073,0.64641,0.5806,1.28432,1.38921,0,0.98759,0.00586,0,8.26216e-05,8.26216e-05,8.26216e-05
88,3584.39,1.37742,0.95972,0,0.91085,0.00391,0.89881,0.83771,0.7487,0.82759,0.54815,0.73674,0.65221,0.66451,0.59906,1.27836,1.33266,0,0.98029,0.00579,0,7.71172e-05,7.71172e-05,7.71172e-05
89,3624.89,1.37815,0.95146,0,0.91124,0.00388,0.83713,0.8475,0.73978,0.82629,0.54736,0.74218,0.64366,0.66371,0.60092,1.2795,1.33073,0,0.98895,0.00578,0,7.16128e-05,7.16128e-05,7.16128e-05
90,3665.35,1.38181,0.95464,0,0.90773,0.00386,0.84338,0.84564,0.74096,0.8314,0.5487,0.74755,0.65054,0.67486,0.61048,1.29026,1.29878,0,0.97491,0.00592,0,6.61084e-05,6.61084e-05,6.61084e-05
91,3706.47,1.29685,0.86901,0,0.79226,0.00401,1.14333,0.85152,0.755,0.83661,0.54857,0.75181,0.6617,0.67783,0.61387,1.30278,1.25541,0,0.96875,0.00596,0,6.0604e-05,6.0604e-05,6.0604e-05
92,3746.65,1.28984,0.89475,0,0.76724,0.00397,1.11894,0.86314,0.74669,0.83768,0.5529,0.7557,0.65108,0.67091,0.60672,1.29233,1.30424,0,0.96349,0.00593,0,5.50996e-05,5.50996e-05,5.50996e-05
93,3786.68,1.27434,0.85307,0,0.76712,0.00392,1.02898,0.84971,0.75442,0.83824,0.55493,0.73753,0.66121,0.67178,0.61026,1.28869,1.28644,0,0.94961,0.00592,0,4.95952e-05,4.95952e-05,4.95952e-05
94,3826.92,1.26853,0.87267,0,0.76098,0.00397,1.0488,0.85553,0.74284,0.83753,0.5542,0.74256,0.64801,0.6709,0.6053,1.28276,1.31643,0,0.95229,0.00587,0,4.40908e-05,4.40908e-05,4.40908e-05
95,3867.13,1.2803,0.85874,0,0.76578,0.0039,1.00487,0.85489,0.7444,0.83823,0.55369,0.74379,0.64473,0.66596,0.60119,1.28075,1.32107,0,0.95148,0.00588,0,3.85864e-05,3.85864e-05,3.85864e-05
96,3907.56,1.27518,0.88301,0,0.75301,0.00396,1.04248,0.85626,0.73932,0.83406,0.54745,0.73471,0.62138,0.64616,0.5818,1.29185,1.42764,0,0.97134,0.00596,0,3.3082e-05,3.3082e-05,3.3082e-05
97,3949.58,1.26738,0.87755,0,0.74033,0.0039,1.05305,0.84065,0.76589,0.84246,0.55662,0.72588,0.65628,0.66464,0.601,1.28443,1.31389,0,0.93748,0.0059,0,2.75776e-05,2.75776e-05,2.75776e-05
98,3989.86,1.27867,0.86647,0,0.7501,0.00393,1.05696,0.85538,0.75673,0.84107,0.55737,0.73968,0.66134,0.67109,0.60727,1.28556,1.3034,0,0.94346,0.00591,0,2.20732e-05,2.20732e-05,2.20732e-05
99,4030.1,1.26287,0.87717,0,0.74272,0.00387,0.98604,0.85033,0.75441,0.84003,0.55658,0.74401,0.65645,0.6706,0.60639,1.28136,1.30095,0,0.94457,0.00589,0,1.65688e-05,1.65688e-05,1.65688e-05
100,4070.38,1.26444,0.86035,0,0.74006,0.00385,1.03707,0.84922,0.76042,0.84221,0.55793,0.74503,0.66172,0.67483,0.60964,1.2817,1.29346,0,0.9393,0.00589,0,1.10644e-05,1.10644e-05,1.10644e-05
